Run_ID,maneuver,mu_surface,mu_true,target_speed_kmh,amplitude_deg,duration_s,n_samples,reaches_instability,min_stability_margin
1,step_steer,dry,0.9,50,1,7.95,160,False,0.9335168768675174
2,step_steer,dry,0.9,50,2,7.95,160,False,0.8658529559521116
3,step_steer,dry,0.9,50,3,7.95,160,False,0.795476385959093
4,step_steer,dry,0.9,50,5,7.95,160,False,0.6352415723683797
5,step_steer,dry,0.9,50,7,7.95,160,False,0.389766796719715
6,step_steer,dry,0.9,50,10,7.95,160,True,-0.20403511702778046
7,step_steer,dry,0.9,70,1,7.95,160,False,0.8723180613446152
8,step_steer,dry,0.9,70,2,7.95,160,False,0.7349127609173157
9,step_steer,dry,0.9,70,3,7.95,160,False,0.5650272996630875
10,step_steer,dry,0.9,70,5,7.95,160,True,-1.8311452308771021
11,step_steer,dry,0.9,70,7,7.95,160,True,-1.4920787896211063
12,step_steer,dry,0.9,70,10,7.95,160,True,-0.4089425971590909
13,step_steer,dry,0.9,90,1,7.95,160,False,0.7928718737739493
14,step_steer,dry,0.9,90,2,7.95,160,False,0.5274659072461436
15,step_steer,dry,0.9,90,3,7.95,160,True,-3.74691614901608
16,step_steer,dry,0.9,90,5,7.95,160,True,-5.04844581983348
17,step_steer,dry,0.9,90,7,7.95,160,True,-1.927234981512299
18,step_steer,dry,0.9,90,10,7.95,160,True,-0.5549499653278959
19,step_steer,dry,0.9,110,1,7.95,160,False,0.6935338919708812
20,step_steer,dry,0.9,110,2,7.95,160,True,-2.6202360493534704
21,step_steer,dry,0.9,110,3,7.95,160,True,-5.846435654203549
22,step_steer,dry,0.9,110,5,7.95,160,True,-5.626627503016874
23,step_steer,dry,0.9,110,7,7.95,160,True,-2.2295610448215197
24,step_steer,dry,0.9,110,10,7.95,160,True,-0.7201457628780796
25,step_steer,wet,0.5,50,1,7.95,160,False,0.8823866439445637
26,step_steer,wet,0.5,50,2,7.95,160,False,0.7574029270319125
27,step_steer,wet,0.5,50,3,7.95,160,False,0.6097640601171912
28,step_steer,wet,0.5,50,5,7.95,160,True,-0.503017500236656
29,step_steer,wet,0.5,50,7,7.95,160,True,-1.5300663088265558
30,step_steer,wet,0.5,50,10,7.95,160,True,-0.4476448598610589
31,step_steer,wet,0.5,70,1,7.95,160,False,0.7751158171765181
32,step_steer,wet,0.5,70,2,7.95,160,False,0.46688165605841997
33,step_steer,wet,0.5,70,3,7.95,160,True,-3.2579028365767444
34,step_steer,wet,0.5,70,5,7.95,160,True,-4.7713547499579345
35,step_steer,wet,0.5,70,7,7.95,160,True,-2.396396364313018
36,step_steer,wet,0.5,70,10,7.95,160,True,-0.6526827788910836
37,step_steer,wet,0.5,90,1,7.95,160,False,0.6296014994463949
38,step_steer,wet,0.5,90,2,7.95,160,True,-3.3423833301415056
39,step_steer,wet,0.5,90,3,7.95,160,True,-5.226817116630996
40,step_steer,wet,0.5,90,5,7.95,160,True,-5.426828238740614
41,step_steer,wet,0.5,90,7,7.95,160,True,-2.8821218343059756
42,step_steer,wet,0.5,90,10,7.95,160,True,-0.8752404474109166
43,step_steer,wet,0.5,110,1,7.95,160,False,0.4083905295599302
44,step_steer,wet,0.5,110,2,7.95,160,True,-4.884073123543416
45,step_steer,wet,0.5,110,3,7.95,160,True,-5.8402795117463775
46,step_steer,wet,0.5,110,5,7.95,160,True,-5.7473393773692125
47,step_steer,wet,0.5,110,7,7.95,160,True,-3.301427015346386
48,step_steer,wet,0.5,110,10,7.95,160,True,-1.0723283620096766
49,step_steer,ice_snow,0.2,50,1,7.95,160,False,0.7148752273364651
50,step_steer,ice_snow,0.2,50,2,7.95,160,False,0.07811799037142177
51,step_steer,ice_snow,0.2,50,3,7.95,160,True,-2.774328622631247
52,step_steer,ice_snow,0.2,50,5,7.95,160,True,-3.996970734395892
53,step_steer,ice_snow,0.2,50,7,7.95,160,True,-2.997721962009151
54,step_steer,ice_snow,0.2,50,10,7.95,160,True,-0.819296676757138
55,step_steer,ice_snow,0.2,70,1,7.95,160,False,0.39778966377890945
56,step_steer,ice_snow,0.2,70,2,7.95,160,True,-3.034734945036147
57,step_steer,ice_snow,0.2,70,3,7.95,160,True,-4.263938147367199
58,step_steer,ice_snow,0.2,70,5,7.95,160,True,-4.657642269470989
59,step_steer,ice_snow,0.2,70,7,7.95,160,True,-3.5883889437296648
60,step_steer,ice_snow,0.2,70,10,7.95,160,True,-1.1522945557888167
61,step_steer,ice_snow,0.2,90,1,7.95,160,True,-1.0828244243845229
62,step_steer,ice_snow,0.2,90,2,7.95,160,True,-3.956634989117324
63,step_steer,ice_snow,0.2,90,3,7.95,160,True,-4.7933523045718545
64,step_steer,ice_snow,0.2,90,5,7.95,160,True,-4.958568229962775
65,step_steer,ice_snow,0.2,90,7,7.95,160,True,-3.940827675273591
66,step_steer,ice_snow,0.2,90,10,7.95,160,True,-1.4090979562380073
67,step_steer,ice_snow,0.2,110,1,7.95,160,True,-2.243618430615802
68,step_steer,ice_snow,0.2,110,2,7.95,160,True,-4.401066439094387
69,step_steer,ice_snow,0.2,110,3,7.95,160,True,-5.071002396051226
70,step_steer,ice_snow,0.2,110,5,7.95,160,True,-5.1359624938729
71,step_steer,ice_snow,0.2,110,7,7.95,160,True,-4.1679036751257215
72,step_steer,ice_snow,0.2,110,10,7.95,160,True,-1.605532159624207
73,sine_sweep,dry,0.9,50,1,7.95,160,False,0.9358927464682215
74,sine_sweep,dry,0.9,50,2,7.95,160,False,0.8709104837221896
75,sine_sweep,dry,0.9,50,3,7.95,160,False,0.804022898344787
76,sine_sweep,dry,0.9,50,5,7.95,160,False,0.6580281363762291
77,sine_sweep,dry,0.9,50,7,7.95,160,False,0.47619288502051044
78,sine_sweep,dry,0.9,50,10,7.95,160,False,0.0445353742985406
79,sine_sweep,dry,0.9,70,1,7.95,160,False,0.8806102968519532
80,sine_sweep,dry,0.9,70,2,7.95,160,False,0.7556863950967648
81,sine_sweep,dry,0.9,70,3,7.95,160,False,0.6153102520790482
82,sine_sweep,dry,0.9,70,5,7.95,160,False,0.15371720487188292
83,sine_sweep,dry,0.9,70,7,7.95,160,True,-8.608235773891657
84,sine_sweep,dry,0.9,70,10,7.95,160,True,-8.556566619792736
85,sine_sweep,dry,0.9,90,1,7.95,160,False,0.8135815103953534
86,sine_sweep,dry,0.9,90,2,7.95,160,False,0.6030931569321589
87,sine_sweep,dry,0.9,90,3,7.95,160,False,0.29185525494225206
88,sine_sweep,dry,0.9,90,5,7.95,160,True,-8.380372805378913
89,sine_sweep,dry,0.9,90,7,7.95,160,True,-8.3738990836643
90,sine_sweep,dry,0.9,90,10,7.95,160,True,-6.630622426921605
91,sine_sweep,dry,0.9,110,1,7.95,160,False,0.7365335554694925
92,sine_sweep,dry,0.9,110,2,7.95,160,False,0.3885519294076643
93,sine_sweep,dry,0.9,110,3,7.95,160,True,-7.976798753509026
94,sine_sweep,dry,0.9,110,5,7.95,160,True,-8.14880612480804
95,sine_sweep,dry,0.9,110,7,7.95,160,True,-8.115827608825313
96,sine_sweep,dry,0.9,110,10,7.95,160,True,-8.06595423031534
97,sine_sweep,wet,0.5,50,1,7.95,160,False,0.8943602031328421
98,sine_sweep,wet,0.5,50,2,7.95,160,False,0.7852076576340753
99,sine_sweep,wet,0.5,50,3,7.95,160,False,0.6678396454593353
100,sine_sweep,wet,0.5,50,5,7.95,160,False,0.3622669295516882
101,sine_sweep,wet,0.5,50,7,7.95,160,True,-0.5777271594511872
102,sine_sweep,wet,0.5,50,10,7.95,160,True,-8.09330473829078
103,sine_sweep,wet,0.5,70,1,7.95,160,False,0.812996854034113
104,sine_sweep,wet,0.5,70,2,7.95,160,False,0.6053615311176188
105,sine_sweep,wet,0.5,70,3,7.95,160,False,0.32424001795371643
106,sine_sweep,wet,0.5,70,5,7.95,160,True,-7.754436622030851
107,sine_sweep,wet,0.5,70,7,7.95,160,True,-7.896868619504059
108,sine_sweep,wet,0.5,70,10,7.95,160,True,-7.526359324699699
109,sine_sweep,wet,0.5,90,1,7.95,160,False,0.7206511350626771
110,sine_sweep,wet,0.5,90,2,7.95,160,False,0.3526160661271659
111,sine_sweep,wet,0.5,90,3,7.95,160,True,-7.060834359109244
112,sine_sweep,wet,0.5,90,5,7.95,160,True,-7.639082479820784
113,sine_sweep,wet,0.5,90,7,7.95,160,True,-7.65032630505952
114,sine_sweep,wet,0.5,90,10,7.95,160,True,-7.596069098153895
115,sine_sweep,wet,0.5,110,1,7.95,160,False,0.6195058548578278
116,sine_sweep,wet,0.5,110,2,7.95,160,True,-5.276249632369905
117,sine_sweep,wet,0.5,110,3,7.95,160,True,-7.293103323040229
118,sine_sweep,wet,0.5,110,5,7.95,160,True,-7.522238191123073
119,sine_sweep,wet,0.5,110,7,7.95,160,True,-7.507684425489884
120,sine_sweep,wet,0.5,110,10,7.95,160,True,-7.475943573264546
121,sine_sweep,ice_snow,0.2,50,1,7.95,160,False,0.8138689343163882
122,sine_sweep,ice_snow,0.2,50,2,7.95,160,False,0.6135501928249937
123,sine_sweep,ice_snow,0.2,50,3,7.95,160,False,0.36854806045792105
124,sine_sweep,ice_snow,0.2,50,5,7.95,160,True,-4.500050397833335
125,sine_sweep,ice_snow,0.2,50,7,7.95,160,True,-6.242606142027921
126,sine_sweep,ice_snow,0.2,50,10,7.95,160,True,-3.6658162339960736
127,sine_sweep,ice_snow,0.2,70,1,7.95,160,False,0.710167321480484
128,sine_sweep,ice_snow,0.2,70,2,7.95,160,False,0.34703563023096196
129,sine_sweep,ice_snow,0.2,70,3,7.95,160,True,-4.488478501212821
130,sine_sweep,ice_snow,0.2,70,5,7.95,160,True,-6.492855710959751
131,sine_sweep,ice_snow,0.2,70,7,7.95,160,True,-6.663530253499748
132,sine_sweep,ice_snow,0.2,70,10,7.95,160,True,-6.348602882375663
133,sine_sweep,ice_snow,0.2,90,1,7.95,160,False,0.6081142584087286
134,sine_sweep,ice_snow,0.2,90,2,7.95,160,True,-2.242972677820587
135,sine_sweep,ice_snow,0.2,90,3,7.95,160,True,-5.833507435150728
136,sine_sweep,ice_snow,0.2,90,5,7.95,160,True,-6.545927397264559
137,sine_sweep,ice_snow,0.2,90,7,7.95,160,True,-6.643322092729557
138,sine_sweep,ice_snow,0.2,90,10,7.95,160,True,-6.513727276822702
139,sine_sweep,ice_snow,0.2,110,1,7.95,160,False,0.507461138711289
140,sine_sweep,ice_snow,0.2,110,2,7.95,160,True,-4.71519885809113
141,sine_sweep,ice_snow,0.2,110,3,7.95,160,True,-6.057465659483153
142,sine_sweep,ice_snow,0.2,110,5,7.95,160,True,-6.5542175671831
143,sine_sweep,ice_snow,0.2,110,7,7.95,160,True,-6.624448901326673
144,sine_sweep,ice_snow,0.2,110,10,7.95,160,True,-6.540068463576561
145,double_lane_change,dry,0.9,50,1,6.95,140,False,0.9335233223400166
146,double_lane_change,dry,0.9,50,2,6.95,140,False,0.8658698458568895
147,double_lane_change,dry,0.9,50,3,6.95,140,False,0.7955177910738609
148,double_lane_change,dry,0.9,50,5,6.95,140,False,0.6356760484420814
149,double_lane_change,dry,0.9,50,7,6.95,140,False,0.4019302993409179
150,double_lane_change,dry,0.9,50,10,6.95,140,True,-0.4901368182671867
151,double_lane_change,dry,0.9,70,1,6.95,140,False,0.8725136102588503
152,double_lane_change,dry,0.9,70,2,6.95,140,False,0.735753561147281
153,double_lane_change,dry,0.9,70,3,6.95,140,False,0.5700625912900043
154,double_lane_change,dry,0.9,70,5,6.95,140,True,-0.303158592753712
155,double_lane_change,dry,0.9,70,7,6.95,140,True,-7.7450353402942484
156,double_lane_change,dry,0.9,70,10,6.95,140,True,-5.0512068693120185
157,double_lane_change,dry,0.9,90,1,6.95,140,False,0.794304534119205
158,double_lane_change,dry,0.9,90,2,6.95,140,False,0.541478385387585
159,double_lane_change,dry,0.9,90,3,6.95,140,False,0.02588472952718543
160,double_lane_change,dry,0.9,90,5,6.95,140,True,-7.226890450379916
161,double_lane_change,dry,0.9,90,7,6.95,140,True,-7.253717865192824
162,double_lane_change,dry,0.9,90,10,6.95,140,True,-5.864350161624063
163,double_lane_change,dry,0.9,110,1,6.95,140,False,0.6996382423759121
164,double_lane_change,dry,0.9,110,2,6.95,140,False,0.2021088748995781
165,double_lane_change,dry,0.9,110,3,6.95,140,True,-6.860794469215689
166,double_lane_change,dry,0.9,110,5,6.95,140,True,-6.93723503414576
167,double_lane_change,dry,0.9,110,7,6.95,140,True,-6.927720384361226
168,double_lane_change,dry,0.9,110,10,6.95,140,True,-7.197173217830897
169,double_lane_change,wet,0.5,50,1,6.95,140,False,0.8833720251233329
170,double_lane_change,wet,0.5,50,2,6.95,140,False,0.7603309896853352
171,double_lane_change,wet,0.5,50,3,6.95,140,False,0.6200514351371826
172,double_lane_change,wet,0.5,50,5,6.95,140,False,0.14614844849104888
173,double_lane_change,wet,0.5,50,7,6.95,140,True,-6.288026102175531
174,double_lane_change,wet,0.5,50,10,6.95,140,True,-5.758298422502787
175,double_lane_change,wet,0.5,70,1,6.95,140,False,0.7829812188714811
176,double_lane_change,wet,0.5,70,2,6.95,140,False,0.5215009313953364
177,double_lane_change,wet,0.5,70,3,6.95,140,False,0.03899901941894121
178,double_lane_change,wet,0.5,70,5,6.95,140,True,-6.5801771159459195
179,double_lane_change,wet,0.5,70,7,6.95,140,True,-6.625970072500432
180,double_lane_change,wet,0.5,70,10,6.95,140,True,-6.541471421403462
181,double_lane_change,wet,0.5,90,1,6.95,140,False,0.6616699072821723
182,double_lane_change,wet,0.5,90,2,6.95,140,False,0.06963637420777695
183,double_lane_change,wet,0.5,90,3,6.95,140,True,-6.006755411734904
184,double_lane_change,wet,0.5,90,5,6.95,140,True,-6.343446092900613
185,double_lane_change,wet,0.5,90,7,6.95,140,True,-6.320031497466731
186,double_lane_change,wet,0.5,90,10,6.95,140,True,-5.588661243090905
187,double_lane_change,wet,0.5,110,1,6.95,140,False,0.5188443236364813
188,double_lane_change,wet,0.5,110,2,6.95,140,True,-5.334012547942871
189,double_lane_change,wet,0.5,110,3,6.95,140,True,-6.018683956946049
190,double_lane_change,wet,0.5,110,5,6.95,140,True,-6.264153063722128
191,double_lane_change,wet,0.5,110,7,6.95,140,True,-6.186056139404161
192,double_lane_change,wet,0.5,110,10,6.95,140,True,-6.100510411412443
193,double_lane_change,ice_snow,0.2,50,1,6.95,140,False,0.7654298420306526
194,double_lane_change,ice_snow,0.2,50,2,6.95,140,False,0.49337303327577403
195,double_lane_change,ice_snow,0.2,50,3,6.95,140,False,0.06959992664144744
196,double_lane_change,ice_snow,0.2,50,5,6.95,140,True,-5.060523279331538
197,double_lane_change,ice_snow,0.2,50,7,6.95,140,True,-5.325840302925099
198,double_lane_change,ice_snow,0.2,50,10,6.95,140,True,-1.8531400380424459
199,double_lane_change,ice_snow,0.2,70,1,6.95,140,False,0.6163957943663313
200,double_lane_change,ice_snow,0.2,70,2,6.95,140,True,-0.07877662474907203
201,double_lane_change,ice_snow,0.2,70,3,6.95,140,True,-4.462370285424176
202,double_lane_change,ice_snow,0.2,70,5,6.95,140,True,-5.219774217158938
203,double_lane_change,ice_snow,0.2,70,7,6.95,140,True,-5.305027576910363
204,double_lane_change,ice_snow,0.2,70,10,6.95,140,True,-4.87602123698163
205,double_lane_change,ice_snow,0.2,90,1,6.95,140,False,0.4541601657459037
206,double_lane_change,ice_snow,0.2,90,2,6.95,140,True,-3.7003469618141214
207,double_lane_change,ice_snow,0.2,90,3,6.95,140,True,-4.744785332562933
208,double_lane_change,ice_snow,0.2,90,5,6.95,140,True,-5.2355056233115125
209,double_lane_change,ice_snow,0.2,90,7,6.95,140,True,-5.2735159656859105
210,double_lane_change,ice_snow,0.2,90,10,6.95,140,True,-5.0771692570316524
211,double_lane_change,ice_snow,0.2,110,1,6.95,140,False,0.2624398445109467
212,double_lane_change,ice_snow,0.2,110,2,6.95,140,True,-4.112923784986233
213,double_lane_change,ice_snow,0.2,110,3,6.95,140,True,-4.857420336983034
214,double_lane_change,ice_snow,0.2,110,5,6.95,140,True,-5.257357802680136
215,double_lane_change,ice_snow,0.2,110,7,6.95,140,True,-5.269151754316284
216,double_lane_change,ice_snow,0.2,110,10,6.95,140,True,-5.124628211913383
217,ramp_steer,dry,0.9,50,1,9.950000000000001,200,False,0.9335168769541771
218,ramp_steer,dry,0.9,50,2,9.950000000000001,200,False,0.8658529562261809
219,ramp_steer,dry,0.9,50,3,9.950000000000001,200,False,0.7954763869011984
220,ramp_steer,dry,0.9,50,5,9.950000000000001,200,False,0.6352416276297733
221,ramp_steer,dry,0.9,50,7,9.950000000000001,200,False,0.38994284568861826
222,ramp_steer,dry,0.9,50,10,9.950000000000001,200,False,0.11186553836313634
223,ramp_steer,dry,0.9,70,1,9.950000000000001,200,False,0.872318213385368
224,ramp_steer,dry,0.9,70,2,9.950000000000001,200,False,0.7349135358648646
225,ramp_steer,dry,0.9,70,3,9.950000000000001,200,False,0.5650431050430957
226,ramp_steer,dry,0.9,70,5,9.950000000000001,200,True,-0.04880033125599629
227,ramp_steer,dry,0.9,70,7,9.950000000000001,200,True,-0.035390044906662824
228,ramp_steer,dry,0.9,70,10,9.950000000000001,200,True,-0.048656511917426676
229,ramp_steer,dry,0.9,90,1,9.950000000000001,200,False,0.7928804598178263
230,ramp_steer,dry,0.9,90,2,9.950000000000001,200,False,0.5277075956470171
231,ramp_steer,dry,0.9,90,3,9.950000000000001,200,True,-0.1093741391978781
232,ramp_steer,dry,0.9,90,5,9.950000000000001,200,True,-0.13075313363625882
233,ramp_steer,dry,0.9,90,7,9.950000000000001,200,True,-0.15078162620524796
234,ramp_steer,dry,0.9,90,10,9.950000000000001,200,True,-0.1708971215416452
235,ramp_steer,dry,0.9,110,1,9.950000000000001,200,False,0.6936748637256792
236,ramp_steer,dry,0.9,110,2,9.950000000000001,200,False,0.050920624846968944
237,ramp_steer,dry,0.9,110,3,9.950000000000001,200,True,-0.17985345607951406
238,ramp_steer,dry,0.9,110,5,9.950000000000001,200,True,-0.22198028799837763
239,ramp_steer,dry,0.9,110,7,9.950000000000001,200,True,-0.2510581216446832
240,ramp_steer,dry,0.9,110,10,9.950000000000001,200,True,-0.2853593777855469
241,ramp_steer,wet,0.5,50,1,9.950000000000001,200,False,0.882386976069326
242,ramp_steer,wet,0.5,50,2,9.950000000000001,200,False,0.7574051485676555
243,ramp_steer,wet,0.5,50,3,9.950000000000001,200,False,0.6098059274769747
244,ramp_steer,wet,0.5,50,5,9.950000000000001,200,False,-0.008539831814039424
245,ramp_steer,wet,0.5,50,7,9.950000000000001,200,True,-0.026763194871705597
246,ramp_steer,wet,0.5,50,10,9.950000000000001,200,True,-0.036239970129517796
247,ramp_steer,wet,0.5,70,1,9.950000000000001,200,False,0.7751444073563609
248,ramp_steer,wet,0.5,70,2,9.950000000000001,200,False,0.4698604746006897
249,ramp_steer,wet,0.5,70,3,9.950000000000001,200,True,-0.15083576223936926
250,ramp_steer,wet,0.5,70,5,9.950000000000001,200,True,-0.1684614917802046
251,ramp_steer,wet,0.5,70,7,9.950000000000001,200,True,-0.18956025235425358
252,ramp_steer,wet,0.5,70,10,9.950000000000001,200,True,-0.2122451036557612
253,ramp_steer,wet,0.5,90,1,9.950000000000001,200,False,0.6304163344910022
254,ramp_steer,wet,0.5,90,2,9.950000000000001,200,True,-0.1404558424418222
255,ramp_steer,wet,0.5,90,3,9.950000000000001,200,True,-0.2468094179109333
256,ramp_steer,wet,0.5,90,5,9.950000000000001,200,True,-0.29951691273985503
257,ramp_steer,wet,0.5,90,7,9.950000000000001,200,True,-0.3411509442131248
258,ramp_steer,wet,0.5,90,10,9.950000000000001,200,True,-0.39405008943845904
259,ramp_steer,wet,0.5,110,1,9.950000000000001,200,False,0.4269996972988341
260,ramp_steer,wet,0.5,110,2,9.950000000000001,200,True,-0.33435136120778153
261,ramp_steer,wet,0.5,110,3,9.950000000000001,200,True,-0.3506208218289046
262,ramp_steer,wet,0.5,110,5,9.950000000000001,200,True,-0.43746872794599
263,ramp_steer,wet,0.5,110,7,9.950000000000001,200,True,-0.5118549500319918
264,ramp_steer,wet,0.5,110,10,9.950000000000001,200,True,-0.6010389337575766
265,ramp_steer,ice_snow,0.2,50,1,9.950000000000001,200,False,0.7164804160470498
266,ramp_steer,ice_snow,0.2,50,2,9.950000000000001,200,False,0.2827638644201836
267,ramp_steer,ice_snow,0.2,50,3,9.950000000000001,200,True,-0.22720408372129416
268,ramp_steer,ice_snow,0.2,50,5,9.950000000000001,200,True,-0.2681898426332535
269,ramp_steer,ice_snow,0.2,50,7,9.950000000000001,200,True,-0.3023680855706986
270,ramp_steer,ice_snow,0.2,50,10,9.950000000000001,200,True,-0.34329898691664457
271,ramp_steer,ice_snow,0.2,70,1,9.950000000000001,200,False,0.4469968440285589
272,ramp_steer,ice_snow,0.2,70,2,9.950000000000001,200,True,-0.3156140348635304
273,ramp_steer,ice_snow,0.2,70,3,9.950000000000001,200,True,-0.43590895239850413
274,ramp_steer,ice_snow,0.2,70,5,9.950000000000001,200,True,-0.5482365013283241
275,ramp_steer,ice_snow,0.2,70,7,9.950000000000001,200,True,-0.6345317117871639
276,ramp_steer,ice_snow,0.2,70,10,9.950000000000001,200,True,-0.7199315370768568
277,ramp_steer,ice_snow,0.2,90,1,9.950000000000001,200,False,0.1201164680887593
278,ramp_steer,ice_snow,0.2,90,2,9.950000000000001,200,True,-0.5671446253697862
279,ramp_steer,ice_snow,0.2,90,3,9.950000000000001,200,True,-0.6854103777259366
280,ramp_steer,ice_snow,0.2,90,5,9.950000000000001,200,True,-0.8762496444325488
281,ramp_steer,ice_snow,0.2,90,7,9.950000000000001,200,True,-0.9915703151898213
282,ramp_steer,ice_snow,0.2,90,10,9.950000000000001,200,True,-1.0851929339570445
283,ramp_steer,ice_snow,0.2,110,1,9.950000000000001,200,True,-0.13751676447029137
284,ramp_steer,ice_snow,0.2,110,2,9.950000000000001,200,True,-0.7962175028374912
285,ramp_steer,ice_snow,0.2,110,3,9.950000000000001,200,True,-0.9828683148786549
286,ramp_steer,ice_snow,0.2,110,5,9.950000000000001,200,True,-1.2112378490723665
287,ramp_steer,ice_snow,0.2,110,7,9.950000000000001,200,True,-1.3267354743917066
288,ramp_steer,ice_snow,0.2,110,10,9.950000000000001,200,True,-1.4031358495486659
